[
    {
        "name": "Light-colored Shirt with Dark Jeans",
        "skin_tones": ["Light", "Wheatish"]
    },
    {
        "name": "Pastel Blazer and Slim Pants",
        "skin_tones": ["Tan", "Wheatish"]
    },
    {
        "name": "Monochrome Long Dress",
        "skin_tones": ["Dark", "Tan"]
    },
    {
        "name": "Denim Jacket with White Tee",
        "skin_tones": ["Light", "Tan", "Dark"]
    },
    {
        "name": "Floral Summer Dress",
        "skin_tones": ["Light", "Wheatish", "Tan"]
    }
]